,unemployment_rate,cpi,vix,fed_funds_rate,credit_spread,yield_curve,industrial_production,recession,inflation_rate
1990-01-31,5.4,127.5,23.35,8.23,1.74,0.12,61.73,0.0,
1990-02-28,5.3,128.0,23.26,8.24,1.67,0.1,62.29,0.0,
1990-03-31,5.2,128.6,20.06,8.28,1.62,-0.04,62.6,0.0,
1990-04-30,5.4,128.9,21.4,8.26,1.52,0.06,62.44,0.0,
1990-05-31,5.4,129.1,18.1,8.18,1.65,0.12,62.63,0.0,
1990-06-30,5.2,129.9,16.82,8.29,1.74,0.13,62.84,0.0,
1990-07-31,5.5,130.5,18.39,8.15,1.72,0.31,62.73,0.0,
1990-08-31,5.7,131.6,28.18,8.13,1.66,0.69,62.95,1.0,
1990-09-30,5.9,132.5,29.11,8.2,1.74,0.81,62.95,1.0,
1990-10-31,5.9,133.4,29.63,8.11,2.02,0.84,62.58,1.0,
1990-11-30,6.2,133.7,24.89,7.81,2.23,0.79,61.79,1.0,
1990-12-31,6.3,134.2,23.36,7.31,2.36,0.76,61.34,1.0,
1991-01-31,6.4,134.7,27.43,6.91,2.36,0.97,61.14,1.0,5.65
1991-02-28,6.6,134.8,21.6,6.25,2.21,0.99,60.68,1.0,5.31
1991-03-31,6.8,134.8,17.74,6.12,1.98,1.01,60.33,1.0,4.82
1991-04-30,6.7,135.1,17.37,5.91,1.9,1.09,60.49,0.0,4.81
1991-05-31,6.9,135.6,16.93,5.78,1.8,1.28,61.06,0.0,5.03
1991-06-30,6.9,136.0,17.13,5.9,1.68,1.33,61.56,0.0,4.7
1991-07-31,6.8,136.2,17.29,5.82,1.62,1.36,61.73,0.0,4.37
1991-08-31,6.9,136.6,15.68,5.66,1.75,1.47,61.73,0.0,3.8
1991-09-30,6.9,137.0,16.96,5.45,1.86,1.47,62.22,0.0,3.4
1991-10-31,7.0,137.2,16.36,5.21,1.96,1.62,62.19,0.0,2.85
1991-11-30,7.0,137.8,17.77,4.81,2.04,1.86,62.09,0.0,3.07
1991-12-31,7.3,138.2,18.35,4.43,2.17,2.06,61.79,0.0,2.98
1992-01-31,7.3,138.3,17.68,4.03,2.1,2.07,61.46,0.0,2.67
1992-02-29,7.4,138.6,17.48,4.06,1.89,2.13,61.9,0.0,2.82
1992-03-31,7.4,139.1,17.52,3.98,1.71,1.86,62.42,0.0,3.19
1992-04-30,7.4,139.4,16.56,3.73,1.73,2.14,62.9,0.0,3.18
1992-05-31,7.6,139.7,15.08,3.82,1.74,2.17,63.1,0.0,3.02
1992-06-30,7.8,140.1,15.2,3.76,1.79,2.21,63.14,0.0,3.01
1992-07-31,7.7,140.5,13.6,3.25,1.99,2.49,63.72,0.0,3.16
1992-08-31,7.6,140.8,14.42,3.3,2.07,2.39,63.36,0.0,3.07
1992-09-30,7.6,141.1,13.7,3.22,2.2,2.52,63.57,0.0,2.99
1992-10-31,7.3,141.7,17.64,3.1,2.25,2.51,64.0,0.0,3.28
1992-11-30,7.4,142.1,14.42,3.09,2.08,2.29,64.24,0.0,3.12
1992-12-31,7.4,142.3,12.19,2.92,2.04,2.1,64.35,0.0,2.97
1993-01-31,7.3,142.8,12.41,3.02,2.07,2.21,64.6,0.0,3.25
1993-02-28,7.1,143.1,13.72,3.03,2.13,2.16,64.91,0.0,3.25
1993-03-31,7.0,143.3,13.61,3.07,2.17,2.03,64.85,0.0,3.02
1993-04-30,7.1,143.8,12.84,2.96,2.17,2.13,65.03,0.0,3.16
1993-05-31,7.1,144.2,13.61,3.0,2.18,2.06,64.78,0.0,3.22
1993-06-30,7.0,144.3,12.52,3.04,2.11,1.8,64.93,0.0,3.0
1993-07-31,6.9,144.5,11.5,3.06,2.13,1.73,65.11,0.0,2.85
1993-08-31,6.8,144.8,11.93,3.03,1.92,1.68,65.03,0.0,2.84
1993-09-30,6.7,145.0,12.93,3.09,1.98,1.51,65.37,0.0,2.76
1993-10-31,6.8,145.6,11.88,2.99,1.98,1.46,65.85,0.0,2.75
1993-11-30,6.6,146.0,14.08,3.02,1.94,1.57,66.15,0.0,2.74
1993-12-31,6.5,146.3,11.36,2.96,1.91,1.56,66.54,0.0,2.81
1994-01-31,6.6,146.3,11.29,3.05,1.9,1.61,66.74,0.0,2.45
1994-02-28,6.6,146.7,13.64,3.25,1.79,1.5,66.77,0.0,2.52
1994-03-31,6.5,147.1,15.22,3.34,1.65,1.49,67.46,0.0,2.65
1994-04-30,6.4,147.2,16.47,3.56,1.55,1.42,67.85,0.0,2.36
1994-05-31,6.1,147.5,13.9,4.01,1.44,1.22,68.17,0.0,2.29
1994-06-30,6.1,147.9,13.41,4.25,1.55,1.17,68.63,0.0,2.49
1994-07-31,6.1,148.4,12.48,4.26,1.51,1.17,68.72,0.0,2.7
1994-08-31,6.0,149.0,11.89,4.47,1.5,1.06,69.18,0.0,2.9
1994-09-30,5.9,149.3,13.23,4.73,1.52,1.06,69.4,0.0,2.97
1994-10-31,5.8,149.4,15.25,4.76,1.46,1.02,69.95,0.0,2.61
1994-11-30,5.6,149.8,16.38,5.29,1.36,0.81,70.43,0.0,2.6
1994-12-31,5.5,150.1,14.18,5.45,1.29,0.22,71.15,0.0,2.6
1995-01-31,5.6,150.5,12.27,5.53,1.3,0.27,71.27,0.0,2.87
1995-02-28,5.4,150.9,11.47,5.92,1.38,0.36,71.19,0.0,2.86
1995-03-31,5.4,151.2,12.17,5.98,1.5,0.43,71.31,0.0,2.79
1995-04-30,5.8,151.8,12.44,6.05,1.54,0.49,71.19,0.0,3.13
1995-05-31,5.6,152.1,12.27,6.01,1.57,0.46,71.54,0.0,3.12
1995-06-30,5.6,152.4,11.9,6.0,1.73,0.45,71.77,0.0,3.04
1995-07-31,5.7,152.6,12.51,5.85,1.76,0.5,71.47,0.0,2.83
1995-08-31,5.7,152.9,12.8,5.74,1.7,0.51,72.42,0.0,2.62
1995-09-30,5.6,153.1,12.06,5.8,1.74,0.39,72.71,0.0,2.55
1995-10-31,5.5,153.5,14.36,5.76,1.71,0.35,72.59,0.0,2.74
1995-11-30,5.6,153.7,12.47,5.8,1.75,0.45,72.78,0.0,2.6
1995-12-31,5.6,153.9,11.75,5.6,1.78,0.39,73.03,0.0,2.53
1996-01-31,5.6,154.7,13.47,5.56,1.81,0.54,72.61,0.0,2.79
1996-02-29,5.5,155.0,15.03,5.22,1.82,0.78,73.68,0.0,2.72
1996-03-31,5.5,155.5,17.76,5.31,1.77,0.61,73.58,0.0,2.84
1996-04-30,5.6,156.1,16.58,5.22,1.68,0.55,74.32,0.0,2.83
1996-05-31,5.6,156.4,16.15,5.24,1.56,0.64,74.87,0.0,2.83
1996-06-30,5.3,156.7,16.4,5.27,1.49,0.62,75.44,0.0,2.82
1996-07-31,5.5,157.0,17.98,5.4,1.49,0.6,75.45,0.0,2.88
1996-08-31,5.1,157.2,15.76,5.22,1.54,0.61,75.84,0.0,2.81
1996-09-30,5.2,157.7,16.58,5.3,1.51,0.6,76.32,0.0,3.0
1996-10-31,5.2,158.2,16.38,5.24,1.54,0.62,76.34,0.0,3.06
1996-11-30,5.4,158.7,16.0,5.31,1.58,0.5,77.04,0.0,3.25
1996-12-31,5.4,159.1,19.26,5.29,1.59,0.52,77.53,0.0,3.38
1997-01-31,5.3,159.4,19.47,5.25,1.52,0.57,77.66,0.0,3.04
1997-02-28,5.2,159.7,20.14,5.19,1.52,0.52,78.58,0.0,3.03
1997-03-31,5.2,159.8,20.17,5.39,1.49,0.47,79.08,0.0,2.77
1997-04-30,5.1,159.9,19.66,5.51,1.45,0.44,79.17,0.0,2.43
1997-05-31,4.9,159.9,19.92,5.5,1.49,0.43,79.61,0.0,2.24
1997-06-30,5.0,160.2,20.19,5.56,1.53,0.4,79.98,0.0,2.23
1997-07-31,4.9,160.4,20.53,5.52,1.53,0.33,80.66,0.0,2.17
1997-08-31,4.8,160.8,23.08,5.54,1.52,0.36,81.47,0.0,2.29
1997-09-30,4.9,161.2,23.81,5.54,1.5,0.33,82.22,0.0,2.22
1997-10-31,4.7,161.5,23.87,5.5,1.54,0.26,82.94,0.0,2.09
1997-11-30,4.6,161.7,32.21,5.52,1.54,0.16,83.6,0.0,1.89
1997-12-31,4.7,161.8,26.28,5.5,1.52,0.09,83.95,0.0,1.7
1998-01-31,4.6,162.0,23.87,5.56,1.65,0.19,84.32,0.0,1.63
1998-02-28,4.6,162.0,20.0,5.51,1.68,0.16,84.46,0.0,1.44
1998-03-31,4.7,162.0,20.16,5.49,1.67,0.09,84.49,0.0,1.38
1998-04-30,4.3,162.2,22.03,5.45,1.69,0.07,84.78,0.0,1.44
1998-05-31,4.4,162.6,20.87,5.49,1.64,0.06,85.34,0.0,1.69
1998-06-30,4.5,162.8,21.66,5.56,1.64,-0.02,84.82,0.0,1.62
1998-07-31,4.5,163.2,19.93,5.54,1.69,0.0,84.5,0.0,1.75
1998-08-31,4.5,163.4,31.59,5.55,1.8,0.07,86.25,0.0,1.62
1998-09-30,4.6,163.5,38.2,5.51,2.28,0.14,86.2,0.0,1.43
1998-10-31,4.5,163.9,36.61,5.07,2.65,0.44,86.79,0.0,1.49
1998-11-30,4.4,164.1,26.22,4.83,2.51,0.29,86.73,0.0,1.48
1998-12-31,4.4,164.4,25.48,4.68,2.58,0.14,87.12,0.0,1.61
1999-01-31,4.3,164.7,28.04,4.63,2.57,0.11,87.49,0.0,1.67
1999-02-28,4.4,164.7,28.82,4.76,2.39,0.12,88.03,0.0,1.67
1999-03-31,4.2,164.8,25.31,4.81,2.3,0.18,88.23,0.0,1.73
1999-04-30,4.3,165.9,23.48,4.74,2.29,0.21,88.43,0.0,2.28
1999-05-31,4.2,166.0,26.2,4.74,2.18,0.29,88.99,0.0,2.09
1999-06-30,4.3,166.0,23.63,4.76,2.12,0.28,88.92,0.0,1.97
1999-07-31,4.3,166.7,21.05,4.99,2.16,0.24,89.43,0.0,2.14
1999-08-31,4.2,167.1,24.32,5.07,2.22,0.26,89.79,0.0,2.26
1999-09-30,4.2,167.8,24.54,5.22,2.29,0.25,89.43,0.0,2.63
1999-10-31,4.1,168.1,24.02,5.2,2.27,0.25,90.52,0.0,2.56
1999-11-30,4.1,168.4,21.82,5.42,2.12,0.17,90.96,0.0,2.62
1999-12-31,4.0,168.8,22.16,5.3,1.91,0.17,91.66,0.0,2.68
2000-01-31,4.0,169.3,23.2,5.45,1.67,0.22,91.54,0.0,2.79
2000-02-29,4.1,170.0,23.6,5.73,1.77,-0.09,91.82,0.0,3.22
2000-03-31,4.0,171.0,22.72,5.85,2.11,-0.27,92.15,0.0,3.76
2000-04-30,3.8,170.9,27.16,6.02,2.41,-0.41,92.7,0.0,3.01
2000-05-31,4.0,171.2,26.37,6.27,2.46,-0.37,92.95,0.0,3.13
2000-06-30,4.0,172.2,21.54,6.53,2.38,-0.38,92.99,0.0,3.73
2000-07-31,4.0,172.7,19.89,6.54,2.29,-0.29,92.8,0.0,3.6
2000-08-31,4.1,172.7,18.09,6.5,2.43,-0.4,92.55,0.0,3.35
2000-09-30,3.9,173.6,19.69,6.52,2.55,-0.28,92.98,0.0,3.46
2000-10-31,3.9,173.9,25.2,6.51,2.6,-0.17,92.62,0.0,3.45
2000-11-30,3.9,174.2,26.38,6.51,2.56,-0.16,92.64,0.0,3.44
2000-12-31,3.9,174.6,26.53,6.4,2.78,-0.11,92.34,0.0,3.44
2001-01-31,4.2,175.6,24.92,5.98,2.77,0.4,91.9,0.0,3.72
2001-02-28,4.2,176.0,23.41,5.49,2.77,0.44,91.3,0.0,3.53
2001-03-31,4.3,176.1,28.5,5.31,2.96,0.54,91.12,0.0,2.98
2001-04-30,4.4,176.4,28.13,4.8,2.93,0.91,90.79,1.0,3.22
2001-05-31,4.3,177.3,22.94,4.21,2.68,1.13,90.36,1.0,3.56
2001-06-30,4.5,177.7,20.94,3.97,2.69,1.2,89.88,1.0,3.19
2001-07-31,4.6,177.4,22.32,3.77,2.73,1.2,89.3,1.0,2.72
2001-08-31,4.9,177.4,21.86,3.65,2.88,1.21,89.2,1.0,2.72
2001-09-30,5.0,178.1,35.07,3.07,3.3,1.61,88.75,1.0,2.59
2001-10-31,5.3,177.6,32.72,2.49,3.34,1.84,88.51,1.0,2.13
2001-11-30,5.5,177.5,26.63,2.09,3.16,1.87,87.97,1.0,1.89
2001-12-31,5.7,177.4,23.72,1.82,2.97,1.98,87.93,0.0,1.6
2002-01-31,5.7,177.7,22.25,1.73,2.83,2.01,88.52,0.0,1.2
2002-02-28,5.7,178.0,22.88,1.74,2.98,1.9,88.53,0.0,1.14
2002-03-31,5.7,178.5,18.98,1.73,2.82,1.73,89.17,0.0,1.36
2002-04-30,5.9,179.3,19.9,1.75,2.82,1.79,89.6,0.0,1.64
2002-05-31,5.8,179.5,20.09,1.75,2.92,1.9,89.96,0.0,1.24
2002-06-30,5.8,179.6,25.27,1.75,3.02,1.93,90.71,0.0,1.07
2002-07-31,5.8,180.0,34.05,1.73,3.24,2.1,90.68,0.0,1.47
2002-08-31,5.7,180.5,33.74,1.74,3.32,2.12,90.58,0.0,1.75
2002-09-30,5.7,180.8,37.65,1.75,3.53,1.87,90.65,0.0,1.52
2002-10-31,5.7,181.2,35.24,1.75,3.79,2.03,90.46,0.0,2.03
2002-11-30,5.9,181.5,28.18,1.34,3.57,2.13,90.97,0.0,2.25
2002-12-31,6.0,181.8,28.21,1.24,3.42,2.2,90.47,0.0,2.48
2003-01-31,5.8,182.6,27.42,1.24,3.3,2.31,91.24,0.0,2.76
2003-02-28,5.9,183.6,32.22,1.26,3.15,2.27,91.34,0.0,3.15
2003-03-31,5.9,183.9,30.63,1.25,3.14,2.23,91.1,0.0,3.03
2003-04-30,6.0,183.2,23.99,1.26,2.89,2.34,90.56,0.0,2.18
2003-05-31,6.1,182.9,20.24,1.26,2.81,2.15,90.54,0.0,1.89
2003-06-30,6.3,183.1,20.36,1.22,2.86,2.11,90.65,0.0,1.95
2003-07-31,6.2,183.7,19.16,1.01,2.64,2.5,91.12,0.0,2.06
2003-08-31,6.1,184.5,19.27,1.03,2.57,2.58,90.92,0.0,2.22
2003-09-30,6.1,185.1,19.53,1.01,2.52,2.57,91.51,0.0,2.38
2003-10-31,6.0,184.9,18.02,1.01,2.44,2.54,91.62,0.0,2.04
2003-11-30,5.8,185.0,17.4,1.0,2.36,2.37,92.23,0.0,1.93
2003-12-31,5.7,185.5,16.83,0.98,2.33,2.36,92.26,0.0,2.04
2004-01-31,5.7,186.3,16.1,1.0,2.29,2.39,92.4,0.0,2.03
2004-02-29,5.6,186.7,16.0,1.01,2.18,2.34,92.96,0.0,1.69
2004-03-31,5.8,187.1,17.69,1.0,2.29,2.25,92.59,0.0,1.74
2004-04-30,5.6,187.4,15.7,1.0,2.11,2.28,92.93,0.0,2.29
2004-05-31,5.6,188.2,17.71,1.0,2.03,2.18,93.6,0.0,2.9
2004-06-30,5.6,188.9,15.34,1.03,2.05,1.97,92.87,0.0,3.17
2004-07-31,5.5,189.1,15.5,1.26,2.12,1.86,93.56,0.0,2.94
2004-08-31,5.4,189.2,16.68,1.43,2.18,1.77,93.63,0.0,2.55
2004-09-30,5.4,189.8,14.08,1.61,2.14,1.6,93.75,0.0,2.54
2004-10-31,5.5,190.8,14.97,1.76,2.11,1.51,94.55,0.0,3.19
2004-11-30,5.4,191.7,13.58,1.93,2.01,1.34,94.78,0.0,3.62
2004-12-31,5.4,191.7,12.46,2.16,1.92,1.22,95.54,0.0,3.34
2005-01-31,5.3,191.6,13.44,2.28,1.8,1.0,95.88,0.0,2.84
2005-02-28,5.4,192.4,11.71,2.5,1.65,0.78,96.58,0.0,3.05
2005-03-31,5.2,193.1,13.13,2.63,1.56,0.77,96.45,0.0,3.21
2005-04-30,5.2,193.7,14.46,2.79,1.71,0.69,96.65,0.0,3.36
2005-05-31,5.1,193.6,13.97,3.0,1.86,0.5,96.74,0.0,2.87
2005-06-30,5.0,193.7,11.87,3.04,1.86,0.36,97.18,0.0,2.54
2005-07-31,5.0,194.9,11.05,3.26,1.78,0.31,96.87,0.0,3.07
2005-08-31,4.9,196.1,12.95,3.5,1.7,0.22,97.18,0.0,3.65
2005-09-30,5.0,198.8,12.63,3.62,1.83,0.25,95.3,0.0,4.74
2005-10-31,5.0,199.1,14.94,3.78,1.83,0.19,96.46,0.0,4.35
2005-11-30,5.0,198.1,12.15,4.0,1.86,0.12,97.54,0.0,3.34
2005-12-31,4.9,198.1,11.26,4.16,1.85,0.06,98.05,0.0,3.34
2006-01-31,4.7,199.3,12.04,4.29,1.82,0.02,98.2,0.0,4.02
2006-02-28,4.8,199.4,12.47,4.49,1.7,-0.1,98.24,0.0,3.64
2006-03-31,4.7,199.7,11.69,4.59,1.69,-0.01,98.46,0.0,3.42
2006-04-30,4.7,200.7,11.85,4.79,1.69,0.1,98.76,0.0,3.61
2006-05-31,4.6,201.3,14.45,4.94,1.64,0.14,98.79,0.0,3.98
2006-06-30,4.6,201.8,16.92,4.99,1.67,-0.02,99.1,0.0,4.18
2006-07-31,4.7,202.9,15.33,5.24,1.67,-0.03,99.05,0.0,4.1
2006-08-31,4.7,203.8,13.35,5.25,1.71,-0.03,99.48,0.0,3.93
2006-09-30,4.5,202.8,12.18,5.25,1.71,-0.05,99.32,0.0,2.01
2006-10-31,4.4,201.9,11.31,5.25,1.7,-0.07,99.2,0.0,1.41
2006-11-30,4.5,202.0,10.82,5.25,1.61,-0.15,99.16,0.0,1.97
2006-12-31,4.4,203.1,10.96,5.24,1.65,-0.11,100.17,0.0,2.52
2007-01-31,4.6,203.44,11.04,5.25,1.58,-0.12,99.83,0.0,2.08
2007-02-28,4.5,204.23,11.16,5.26,1.55,-0.13,100.78,0.0,2.42
2007-03-31,4.4,205.29,15.16,5.26,1.7,-0.01,100.95,0.0,2.8
2007-04-30,4.5,205.9,12.93,5.25,1.7,0.03,101.63,0.0,2.59
2007-05-31,4.4,206.76,13.3,5.25,1.64,-0.02,101.73,0.0,2.71
2007-06-30,4.6,207.23,14.95,5.25,1.59,0.12,101.79,0.0,2.69
2007-07-31,4.7,207.6,17.27,5.26,1.65,0.19,101.67,0.0,2.32
2007-08-31,4.6,207.67,25.03,5.02,1.98,0.36,101.86,0.0,1.9
2007-09-30,4.7,208.55,22.2,4.94,2.07,0.51,102.09,0.0,2.83
2007-10-31,4.7,209.19,19.12,4.76,1.95,0.56,101.8,0.0,3.61
2007-11-30,4.7,210.83,25.58,4.49,2.25,0.81,102.34,0.0,4.37
2007-12-31,5.0,211.44,21.65,4.24,2.55,0.98,102.38,0.0,4.11
2008-01-31,5.0,212.17,25.82,3.94,2.8,1.27,102.24,1.0,4.29
2008-02-29,4.9,212.69,25.46,2.98,3.09,1.76,101.84,1.0,4.14
2008-03-31,5.1,213.45,27.1,2.61,3.38,1.89,101.53,1.0,3.97
2008-04-30,5.0,213.94,21.56,2.28,3.29,1.63,100.88,1.0,3.9
2008-05-31,5.4,215.21,18.3,1.98,3.05,1.43,100.27,1.0,4.09
2008-06-30,5.6,217.46,22.11,2.0,2.97,1.33,100.03,1.0,4.94
2008-07-31,5.8,219.02,24.32,2.01,3.15,1.43,99.68,1.0,5.5
2008-08-31,6.1,218.69,20.7,2.0,3.26,1.47,98.11,1.0,5.31
2008-09-30,6.1,218.88,30.24,1.81,3.63,1.61,93.79,1.0,4.95
2008-10-31,6.5,217.0,61.18,0.97,5.06,2.2,94.72,1.0,3.73
2008-11-30,6.8,213.15,62.67,0.39,5.68,2.31,93.47,1.0,1.1
2008-12-31,7.3,211.4,52.4,0.16,6.01,1.6,90.84,1.0,-0.02
2009-01-31,7.8,211.93,44.68,0.15,5.63,1.71,88.57,1.0,-0.11
2009-02-28,8.3,212.7,45.57,0.22,5.21,1.89,88.03,1.0,0.01
2009-03-31,8.7,212.5,44.8,0.18,5.6,1.89,86.65,1.0,-0.45
2009-04-30,9.0,212.71,38.06,0.15,5.46,2.0,85.93,1.0,-0.58
2009-05-31,9.4,213.02,31.98,0.18,4.77,2.36,85.07,1.0,-1.02
2009-06-30,9.5,214.79,29.14,0.21,3.77,2.54,84.75,1.0,-1.23
2009-07-31,9.5,214.73,26.16,0.16,3.53,2.54,85.7,0.0,-1.96
2009-08-31,9.6,215.44,25.34,0.16,2.99,2.47,86.64,0.0,-1.48
2009-09-30,9.8,215.86,24.93,0.15,2.91,2.45,87.41,0.0,-1.38
2009-10-31,10.0,216.51,24.25,0.12,2.9,2.44,87.64,0.0,-0.22
2009-11-30,9.9,217.23,23.79,0.12,2.92,2.6,88.02,0.0,1.91
2009-12-31,9.9,217.35,21.24,0.12,2.78,2.72,88.38,0.0,2.81
2010-01-31,9.8,217.49,20.64,0.11,2.51,2.8,89.34,0.0,2.62
2010-02-28,9.8,217.28,22.54,0.13,2.65,2.83,89.68,0.0,2.15
2010-03-31,9.9,217.35,17.77,0.16,2.55,2.77,90.29,0.0,2.29
2010-04-30,9.9,217.4,17.42,0.2,2.41,2.79,90.6,0.0,2.21
2010-05-31,9.6,217.29,31.93,0.2,2.63,2.59,91.82,0.0,2.0
2010-06-30,9.4,217.2,29.92,0.18,3.03,2.48,91.99,0.0,1.12
2010-07-31,9.4,217.6,25.57,0.18,3.0,2.39,92.34,0.0,1.34
2010-08-31,9.5,217.92,24.75,0.19,2.96,2.18,92.68,0.0,1.15
2010-09-30,9.5,218.28,22.52,0.19,3.01,2.17,92.95,0.0,1.12
2010-10-31,9.4,219.04,20.37,0.19,3.18,2.16,92.69,0.0,1.17
2010-11-30,9.8,219.59,20.1,0.19,3.16,2.31,92.77,0.0,1.08
2010-12-31,9.3,220.47,17.57,0.18,2.81,2.67,93.68,0.0,1.44
2011-01-31,9.1,221.19,17.32,0.17,2.69,2.78,93.48,0.0,1.7
2011-02-28,9.0,221.9,17.43,0.16,2.57,2.8,93.11,0.0,2.12
2011-03-31,9.0,223.05,20.72,0.14,2.62,2.72,94.08,0.0,2.62
2011-04-30,9.1,224.09,16.24,0.1,2.57,2.72,93.77,0.0,3.08
2011-05-31,9.0,224.81,16.91,0.09,2.61,2.61,93.89,0.0,3.46
2011-06-30,9.1,224.81,19.15,0.09,2.75,2.59,94.17,0.0,3.5
2011-07-31,9.0,225.4,19.23,0.07,2.76,2.6,94.64,0.0,3.58
2011-08-31,9.0,226.11,35.03,0.1,3.06,2.07,95.27,0.0,3.75
2011-09-30,9.0,226.6,36.53,0.08,3.3,1.76,95.2,0.0,3.81
2011-10-31,8.8,226.75,32.83,0.07,3.22,1.87,95.86,0.0,3.52
2011-11-30,8.6,227.17,31.94,0.08,3.12,1.76,95.85,0.0,3.45
2011-12-31,8.5,227.22,25.05,0.07,3.27,1.72,96.36,0.0,3.06
2012-01-31,8.3,227.84,20.23,0.08,3.26,1.73,96.93,0.0,3.01
2012-02-29,8.3,228.33,18.42,0.1,3.17,1.69,97.24,0.0,2.9
2012-03-31,8.2,228.81,16.17,0.13,3.06,1.83,96.74,0.0,2.58
2012-04-30,8.2,229.19,17.82,0.14,3.14,1.76,97.44,0.0,2.27
2012-05-31,8.2,228.71,21.0,0.16,3.27,1.52,97.66,0.0,1.74
2012-06-30,8.2,228.52,21.13,0.16,3.4,1.33,97.67,0.0,1.65
2012-07-31,8.2,228.59,17.57,0.16,3.35,1.28,97.87,0.0,1.42
2012-08-31,8.1,229.92,15.69,0.13,3.23,1.41,97.45,0.0,1.69
2012-09-30,7.8,231.02,15.28,0.14,3.12,1.47,97.38,0.0,1.95
2012-10-31,7.8,231.64,16.28,0.16,2.84,1.47,97.72,0.0,2.16
2012-11-30,7.7,231.25,16.7,0.16,2.86,1.39,98.08,0.0,1.8
2012-12-31,7.9,231.22,17.31,0.16,2.91,1.46,98.31,0.0,1.76
2013-01-31,8.0,231.68,13.51,0.14,2.82,1.65,98.33,0.0,1.68
2013-02-28,7.7,232.94,14.07,0.15,2.86,1.72,98.79,0.0,2.02
2013-03-31,7.5,232.28,13.03,0.14,2.9,1.7,99.19,0.0,1.52
2013-04-30,7.6,231.8,13.97,0.15,2.83,1.53,99.11,0.0,1.14
2013-05-31,7.5,231.89,13.49,0.11,2.8,1.68,99.18,0.0,1.39
2013-06-30,7.5,232.44,17.27,0.09,2.89,1.97,99.39,0.0,1.72
2013-07-31,7.3,232.9,13.97,0.09,2.74,2.24,99.08,0.0,1.89
2013-08-31,7.2,233.46,14.21,0.08,2.69,2.38,99.65,0.0,1.54
2013-09-30,7.2,233.54,14.69,0.08,2.66,2.41,100.16,0.0,1.09
2013-10-31,7.2,233.67,15.41,0.09,2.69,2.28,100.08,0.0,0.88
2013-11-30,6.9,234.1,12.92,0.08,2.67,2.41,100.32,0.0,1.23
2013-12-31,6.7,234.72,14.19,0.09,2.48,2.56,100.52,0.0,1.51
2014-01-31,6.6,235.29,14.24,0.07,2.33,2.46,100.16,0.0,1.56
2014-02-28,6.7,235.55,15.47,0.07,2.39,2.38,100.92,0.0,1.12
2014-03-31,6.7,236.03,14.84,0.08,2.34,2.32,101.89,0.0,1.61
2014-04-30,6.2,236.47,14.2,0.09,2.2,2.29,101.99,0.0,2.02
2014-05-31,6.3,236.92,12.48,0.09,2.2,2.17,102.38,0.0,2.17
2014-06-30,6.1,237.23,11.54,0.1,2.2,2.15,102.74,0.0,2.06
2014-07-31,6.2,237.5,12.3,0.09,2.19,2.04,102.96,0.0,1.97
2014-08-31,6.1,237.46,13.49,0.09,2.27,1.95,102.77,0.0,1.72
2014-09-30,5.9,237.48,13.47,0.09,2.27,1.97,103.06,0.0,1.68
2014-10-31,5.7,237.43,18.06,0.09,2.38,1.86,103.08,0.0,1.61
2014-11-30,5.8,236.98,13.41,0.09,2.46,1.8,103.71,0.0,1.23
2014-12-31,5.6,236.25,16.29,0.12,2.53,1.57,103.7,0.0,0.65
2015-01-31,5.7,234.75,19.12,0.11,2.57,1.33,102.89,0.0,-0.23
2015-02-28,5.5,235.34,15.9,0.11,2.53,1.36,102.23,0.0,-0.09
2015-03-31,5.4,235.98,14.81,0.11,2.5,1.4,101.89,0.0,-0.02
2015-04-30,5.4,236.22,13.49,0.12,2.55,1.4,101.34,0.0,-0.1
2015-05-31,5.6,237.0,13.34,0.12,2.69,1.59,100.89,0.0,0.04
2015-06-30,5.3,237.66,14.34,0.13,2.76,1.68,100.57,0.0,0.18
2015-07-31,5.2,238.03,14.35,0.13,2.88,1.66,101.22,0.0,0.23
2015-08-31,5.1,238.03,19.43,0.14,3.02,1.47,101.04,0.0,0.24
2015-09-30,5.0,237.5,24.38,0.14,3.17,1.46,100.75,0.0,0.01
2015-10-31,5.0,237.73,16.79,0.12,3.27,1.43,100.27,0.0,0.13
2015-11-30,5.1,238.02,16.21,0.12,3.19,1.38,99.53,0.0,0.44
2015-12-31,5.0,237.76,18.03,0.24,3.21,1.26,99.04,0.0,0.64
2016-01-31,4.8,237.65,23.72,0.34,3.36,1.19,99.56,0.0,1.24
2016-02-29,4.9,237.34,22.52,0.38,3.56,1.05,99.04,0.0,0.85
2016-03-31,5.0,238.08,15.85,0.36,3.24,1.01,98.31,0.0,0.89
2016-04-30,5.1,238.99,14.3,0.37,2.98,1.04,98.64,0.0,1.17
2016-05-31,4.8,239.56,14.85,0.37,2.87,0.99,98.42,0.0,1.08
2016-06-30,4.9,240.22,17.77,0.38,2.88,0.91,98.88,0.0,1.08
2016-07-31,4.8,240.1,13.16,0.39,2.71,0.83,99.0,0.0,0.87
2016-08-31,4.9,240.54,12.4,0.4,2.68,0.82,98.85,0.0,1.06
2016-09-30,5.0,241.18,14.22,0.4,2.68,0.86,98.75,0.0,1.55
2016-10-31,4.9,241.74,14.59,0.4,2.61,0.92,98.76,0.0,1.69
2016-11-30,4.7,242.03,15.24,0.41,2.57,1.16,98.35,0.0,1.68
2016-12-31,4.7,242.64,12.47,0.54,2.34,1.3,99.02,0.0,2.05
2017-01-31,4.7,243.62,11.61,0.65,2.23,1.23,98.76,0.0,2.51
2017-02-28,4.6,244.01,11.53,0.66,2.22,1.22,98.36,0.0,2.81
2017-03-31,4.4,243.89,11.9,0.79,2.2,1.17,99.01,0.0,2.44
2017-04-30,4.4,244.19,13.14,0.9,2.27,1.06,100.02,0.0,2.18
2017-05-31,4.4,244.0,10.86,0.91,2.25,1.0,100.14,0.0,1.86
2017-06-30,4.3,244.16,10.51,1.04,2.18,0.84,100.35,0.0,1.64
2017-07-31,4.3,244.24,10.26,1.15,2.07,0.95,100.11,0.0,1.73
2017-08-31,4.4,245.18,11.98,1.16,2.1,0.87,99.69,0.0,1.93
2017-09-30,4.3,246.44,10.44,1.15,2.1,0.82,99.8,0.0,2.18
2017-10-31,4.2,246.63,10.13,1.15,1.96,0.81,101.02,0.0,2.02
2017-11-30,4.2,247.28,10.54,1.16,1.92,0.66,101.27,0.0,2.17
2017-12-31,4.1,247.8,10.26,1.3,1.82,0.56,101.46,0.0,2.13
2018-01-31,4.0,248.86,11.06,1.41,1.67,0.55,101.46,0.0,2.15
2018-02-28,4.1,249.53,22.46,1.42,1.65,0.68,101.71,0.0,2.26
2018-03-31,4.0,249.58,19.02,1.51,1.8,0.57,102.21,0.0,2.33
2018-04-30,4.0,250.23,18.27,1.69,1.8,0.48,103.33,0.0,2.47
2018-05-31,3.8,250.79,14.12,1.7,1.85,0.47,102.4,0.0,2.78
2018-06-30,4.0,251.02,13.68,1.82,1.92,0.38,103.2,0.0,2.81
2018-07-31,3.8,251.21,13.15,1.91,1.9,0.28,103.36,0.0,2.85
2018-08-31,3.8,251.66,12.55,1.91,1.88,0.25,104.03,0.0,2.64
2018-09-30,3.7,252.18,12.91,1.95,1.88,0.24,104.1,0.0,2.33
2018-10-31,3.8,252.77,19.35,2.19,1.91,0.29,103.99,0.0,2.49
2018-11-30,3.8,252.59,19.39,2.2,2.11,0.26,104.07,0.0,2.15
2018-12-31,3.9,252.77,24.95,2.27,2.3,0.16,104.09,0.0,2.0
2019-01-31,4.0,252.56,19.57,2.4,2.41,0.17,103.4,0.0,1.49
2019-02-28,3.8,253.32,15.23,2.4,2.27,0.17,102.84,0.0,1.52
2019-03-31,3.8,254.28,14.49,2.41,2.26,0.16,102.88,0.0,1.88
2019-04-30,3.7,255.23,12.95,2.42,2.17,0.19,102.27,0.0,2.0
2019-05-31,3.6,255.3,16.72,2.39,2.23,0.19,102.39,0.0,1.8
2019-06-30,3.6,255.21,15.84,2.38,2.39,0.26,102.44,0.0,1.67
2019-07-31,3.7,255.8,13.31,2.4,2.22,0.22,101.94,0.0,1.83
2019-08-31,3.6,256.04,18.98,2.13,2.25,0.06,102.64,0.0,1.74
2019-09-30,3.5,256.43,15.56,2.04,2.22,0.05,102.29,0.0,1.68
2019-10-31,3.6,257.15,15.47,1.83,2.22,0.16,101.43,0.0,1.73
2019-11-30,3.6,257.88,12.52,1.55,2.13,0.2,101.94,0.0,2.09
2019-12-31,3.6,258.63,13.76,1.55,2.02,0.25,101.7,0.0,2.32
2020-01-31,3.6,259.13,13.94,1.55,2.01,0.24,101.03,0.0,2.6
2020-02-29,3.5,259.25,19.63,1.58,2.11,0.17,101.37,0.0,2.34
2020-03-31,4.4,258.08,57.74,0.65,3.42,0.42,97.41,1.0,1.49
2020-04-30,14.8,256.03,41.45,0.05,3.47,0.43,84.56,1.0,0.31
2020-05-31,13.2,255.8,30.9,0.05,3.28,0.5,85.96,0.0,0.2
2020-06-30,11.0,257.04,31.12,0.08,2.91,0.54,91.59,0.0,0.72
2020-07-31,10.2,258.35,26.84,0.09,2.69,0.48,95.03,0.0,1.0
2020-08-31,8.4,259.32,22.89,0.1,2.62,0.51,95.95,0.0,1.28
2020-09-30,7.8,260.0,27.65,0.09,2.68,0.54,95.97,0.0,1.39
2020-10-31,6.9,260.32,29.44,0.09,2.65,0.64,96.74,0.0,1.23
2020-11-30,6.7,260.91,25.0,0.09,2.43,0.7,97.08,0.0,1.18
2020-12-31,6.7,262.04,22.37,0.09,2.23,0.8,98.36,0.0,1.32
2021-01-31,6.4,262.64,24.91,0.09,2.16,0.95,98.88,0.0,1.36
2021-02-28,6.2,263.57,23.14,0.08,2.16,1.14,95.61,0.0,1.67
2021-03-31,6.1,264.85,21.84,0.07,2.13,1.46,98.39,0.0,2.62
2021-04-30,6.1,266.62,17.42,0.07,1.97,1.47,98.56,0.0,4.14
2021-05-31,5.8,268.4,19.76,0.06,2.0,1.47,99.43,0.0,4.93
2021-06-30,5.9,270.71,16.96,0.08,1.93,1.32,99.8,0.0,5.32
2021-07-31,5.4,271.96,17.6,0.1,1.93,1.1,100.25,0.0,5.27
2021-08-31,5.1,272.75,17.47,0.09,1.96,1.07,100.04,0.0,5.18
2021-09-30,4.7,273.94,19.82,0.08,1.86,1.13,98.86,0.0,5.36
2021-10-31,4.5,276.53,17.87,0.08,1.77,1.19,100.19,0.0,6.23
2021-11-30,4.1,278.82,18.5,0.08,1.72,1.05,100.87,0.0,6.87
2021-12-31,3.9,280.81,21.35,0.08,1.83,0.78,100.57,0.0,7.16
2022-01-31,4.0,282.54,23.18,0.08,1.82,0.78,100.19,0.0,7.58
2022-02-28,3.9,284.52,25.75,0.08,2.03,0.5,100.81,0.0,7.95
2022-03-31,3.7,287.47,26.97,0.2,2.17,0.22,101.39,0.0,8.54
2022-04-30,3.7,288.58,24.37,0.33,1.91,0.21,101.44,0.0,8.24
2022-05-31,3.6,291.3,29.31,0.77,2.22,0.28,101.33,0.0,8.53
2022-06-30,3.6,295.07,28.23,1.21,2.12,0.15,101.02,0.0,9.0
2022-07-31,3.5,294.94,25.0,1.68,2.32,-0.14,101.22,0.0,8.45
2022-08-31,3.6,295.16,22.17,2.33,2.25,-0.35,101.1,0.0,8.22
2022-09-30,3.5,296.42,27.34,2.56,2.17,-0.34,101.29,0.0,8.21
2022-10-31,3.6,297.98,30.01,3.08,2.28,-0.39,101.25,0.0,7.76
2022-11-30,3.6,298.71,23.3,3.78,2.17,-0.61,100.96,0.0,7.13
2022-12-31,3.5,298.81,21.78,4.1,1.98,-0.67,99.77,0.0,6.41
2023-01-31,3.5,300.46,20.17,4.33,1.97,-0.68,100.5,0.0,6.34
2023-02-28,3.6,301.48,20.12,4.57,1.85,-0.79,100.64,0.0,5.96
2023-03-31,3.5,301.64,21.64,4.65,2.05,-0.64,101.02,0.0,4.93
2023-04-30,3.4,302.86,17.82,4.83,2.07,-0.56,101.25,0.0,4.95
2023-05-31,3.6,303.32,17.64,5.06,2.19,-0.56,100.93,0.0,4.13
2023-06-30,3.6,304.1,14.0,5.08,2.01,-0.89,100.12,0.0,3.06
2023-07-31,3.5,304.62,13.93,5.12,1.84,-0.93,100.91,0.0,3.28
2023-08-31,3.7,306.14,15.85,5.33,1.85,-0.73,100.84,0.0,3.72
2023-09-30,3.7,307.37,15.17,5.33,1.78,-0.64,101.02,0.0,3.7
2023-10-31,3.9,307.65,18.89,5.33,1.83,-0.27,100.47,0.0,3.25
2023-11-30,3.7,308.09,14.02,5.33,1.79,-0.38,100.86,0.0,3.14
2023-12-31,3.8,308.74,12.72,5.33,1.62,-0.44,100.6,0.0,3.32
2024-01-31,3.7,309.79,13.39,5.33,1.62,-0.26,99.22,0.0,3.11
2024-02-29,3.9,311.02,13.98,5.33,1.56,-0.34,100.28,0.0,3.17
2024-03-31,3.9,312.11,13.79,5.33,1.55,-0.38,100.46,0.0,3.47
2024-04-30,3.9,313.02,16.14,5.33,1.46,-0.33,100.24,0.0,3.35
2024-05-31,3.9,313.14,13.06,5.33,1.47,-0.37,100.86,0.0,3.24
2024-06-30,4.1,313.13,12.67,5.33,1.51,-0.43,100.89,0.0,2.97
2024-07-31,4.2,313.57,14.37,5.33,1.59,-0.25,99.98,0.0,2.94
2024-08-31,4.2,314.13,19.31,5.33,1.73,-0.09,100.43,0.0,2.61
2024-09-30,4.1,314.85,17.66,5.13,1.69,0.1,99.81,0.0,2.43
2024-10-31,4.1,315.56,19.96,4.83,1.54,0.12,99.47,0.0,2.57
2024-11-30,4.2,316.45,16.02,4.64,1.42,0.1,99.29,0.0,2.71
2024-12-31,4.1,317.6,15.87,4.48,1.41,0.17,100.33,0.0,2.87
2025-01-31,4.0,319.09,16.76,4.33,1.45,0.36,100.06,0.0,3.0
2025-02-28,4.2,319.77,16.97,4.33,1.47,0.24,101.1,0.0,2.81
2025-03-31,4.2,319.62,21.84,4.33,1.65,0.31,101.04,0.0,2.41
2025-04-30,4.2,320.32,31.97,4.33,1.9,0.5,101.13,0.0,2.33
2025-05-31,4.3,320.58,20.46,4.33,1.86,0.5,100.97,0.0,2.38
2025-06-30,4.1,321.5,18.4,4.33,1.76,0.49,101.48,0.0,2.67
2025-07-31,4.3,322.13,16.38,4.33,1.71,0.51,101.87,0.0,2.73
2025-08-31,4.3,323.36,15.75,4.33,1.73,0.56,101.6,0.0,2.94
2025-09-30,4.4,324.37,15.79,4.22,1.71,0.55,101.67,0.0,3.02
2025-10-31,,,18.09,4.09,1.67,0.54,101.62,0.0,
2025-11-30,4.5,325.03,19.77,3.88,1.76,0.54,101.79,0.0,2.71
2025-12-31,4.4,,15.55,3.72,1.75,0.64,,0.0,
2026-01-31,,,15.0,,1.74,0.69,,,
